{"accuracy":0.710801393728223,"algorithm":"RandomForest","confusion_matrix":[{"Churn":1.0,"prediction":1.0,"count":57},{"Churn":0.0,"prediction":1.0,"count":68},{"Churn":1.0,"prediction":0.0,"count":15},{"Churn":0.0,"prediction":0.0,"count":147}],"f1_score":0.7293754603228504,"params":{"[0,2800000054,800000000f,9000000023,b800000000,6e6f697463617246,2065687420666f20,676e696e69617274,7375206174616420,6c20726f66206465,20676e696e726165,6365642068636165,7274206e6f697369,72206e69202c6565,2c30282065676e61,2e5d3120,6c706d6173627573,65746152676e69,6f466d6f646e6152,73616c4374736572,305f726569666973,6332326637356135,306137]":null,"[0,2800000020,4800000008,5000000023,7800000000,6f207265626d754e,2073656572742066,6e69617274206f74,2e2931203d3e2820,73656572546d756e,6f466d6f646e6152,73616c4374736572,305f726569666973,6332326637356135,306137]":null,"[0,2800000098,c00000000d,d000000023,f800000000,206d756d6978614d,692079726f6d656d,6c6c6120424d206e,742064657461636f,676f74736968206f,72676761206d6172,2e6e6f6974616765,206f6f7420664920,74202c6c6c616d73,6f6e2031206e6568,206c6c6977206564,74696c7073206562,6574692072657020,202c6e6f69746172,2073746920646e61,7461676572676761,652079616d207365,6874206465656378,2e657a6973207369,726f6d654d78616d,424d6e4979,6f466d6f646e6152,73616c4374736572,305f726569666973,6332326637356135,306137]":null,"[0,280000000c,3800000004,4000000023,6800000000,73206d6f646e6172,2e646565,64656573,6f466d6f646e6152,73616c4374736572,305f726569666973,6332326637356135,306137]":null,"[0,280000002f,5800000010,6800000023,9000000000,6465727020776172,28206e6f69746369,63202e612e6b2e61,636e656469666e6f,6d756c6f63202965,2e656d616e206e,6964657250776172,6c6f436e6f697463,6f466d6f646e6152,73616c4374736572,305f726569666973,6332326637356135,306137]":null,"[0,2800000012,4000000008,4800000023,7000000000,6f63206c6562616c,6d616e206e6d756c,2e65,6c6f436c6562616c,6f466d6f646e6152,73616c4374736572,305f726569666973,6332326637356135,306137]":null,"[0,2800000126,1500000000c,16000000023,18800000000,65736c6166206649,6c6120656874202c,206d687469726f67,736170206c6c6977,2073656572742073,7563657865206f74,206f742073726f74,6e6920686374616d,207365636e617473,646f6e2068746977,74206649202e7365,656874202c657572,7469726f676c6120,206c6c6977206d68,6f6e206568636163,6620734449206564,206863616520726f,65636e6174736e69,6e6968636143202e,7073206e61632067,7420707520646565,20676e696e696172,657065656420666f,2e73656572742072,6320737265735520,6820746573206e61,6e6574666f20776f,20646c756f687320,6863616320656874,6568632065622065,65746e696f706b63,73696420726f2064,20746920656c6261,6974746573207962,6b6365686320676e,746e49746e696f70,2e6c61767265,646f4e6568636163,73644965,6f466d6f646e6152,73616c4374736572,305f726569666973,6332326637356135,306137]":false,"[0,280000007e,a800000007,b000000023,d800000000,626d756e2078614d,696220666f207265,6420726f6620736e,7a69746572637369,746e6f6320676e69,662073756f756e69,2e73657275746165,62207473754d2020,6e6120323d3e2065,6d756e203d3e2064,6320666f20726562,6569726f67657461,6e6120726f662073,6f67657461632079,6566206c61636972,2e6572757461,736e694278616d,6f466d6f646e6152,73616c4374736572,305f726569666973,6332326637356135,306137]":null,"[0,28000000e1,11000000012,12800000023,15000000000,6365686320746573,6920746e696f706b,206c61767265746e,6f202931203d3e28,6c62617369642072,706b636568632065,312d2820746e696f,202e672e45202e29,736e61656d203031,6874207461687420,2065686361632065,746567206c6c6977,6f706b6365686320,7665206465746e69,6920303120797265,6e6f697461726574,3a65746f4e202e73,6573207369687420,697720676e697474,6769206562206c6c,6669206465726f6e,6568632065687420,20746e696f706b63,726f746365726964,746f6e2073692079,206e692074657320,7261705320656874,747865746e6f436b,2e,696f706b63656863,767265746e49746e,6c61,6f466d6f646e6152,73616c4374736572,305f726569666973,6332326637356135,306137]":null,"[0,2800000045,700000000b,8000000023,a800000000,206d756d696e694d,74616d726f666e69,6e696167206e6f69,73206120726f6620,206f742074696c70,69736e6f63206562,7461206465726564,2065657274206120,2e65646f6e,476f666e496e696d,6e6961,6f466d6f646e6152,73616c4374736572,305f726569666973,6332326637356135,306137]":null,"[0,2800000059,8800000007,9000000023,b800000000,646e69206661654c,6c6f632073656369,656d616e206e6d75,636964657250202e,6661656c20646574,6f207865646e6920,6920686361652066,2065636e6174736e,2068636165206e69,2079622065657274,726564726f657270,2e,6c6f436661656c,6f466d6f646e6152,73616c4374736572,305f726569666973,6332326637356135,306137]":null,"[0,2800000015,400000000b,5000000023,7800000000,7365727574616566,206e6d756c6f6320,2e656d616e,7365727574616566,6c6f43,6f466d6f646e6152,73616c4374736572,305f726569666973,6332326637356135,306137]":null,"[0,2800000064,9000000008,9800000023,c000000000,6f69726574697243,662064657375206e,726f666e6920726f,67206e6f6974616d,636c6163206e6961,206e6f6974616c75,6e692d6573616328,76697469736e6573,70707553202e2965,706f20646574726f,65203a736e6f6974,202c79706f72746e,696e6967,7974697275706d69,6f466d6f646e6152,73616c4374736572,305f726569666973,6332326637356135,306137]":null,"[0,2800000017,400000000d,5000000023,7800000000,6974636964657270,6d756c6f63206e6f,2e656d616e206e,6974636964657270,6c6f436e6f,6f466d6f646e6152,73616c4374736572,305f726569666973,6332326637356135,306137]":null,"[0,28000000c7,f000000013,10800000023,13000000000,206d756d696e694d,6f207265626d756e,6e6174736e692066,6863616520736563,6d20646c69686320,6576616820747375,7320726574666120,6649202e74696c70,74696c7073206120,2073657375616320,7466656c20656874,6867697220726f20,20646c6968632074,2065766168206f74,6874207265776566,6e496e696d206e61,507365636e617473,202c65646f4e7265,696c707320656874,62206c6c69772074,7261637369642065,6920736120646564,202e64696c61766e,6220646c756f6853,2e31203d3e2065,6174736e496e696d,4e7265507365636e,65646f,6f466d6f646e6152,73616c4374736572,305f726569666973,6332326637356135,306137]":null,"[0,2800000037,6000000009,7000000023,9800000000,2072656874656857,61727473746f6f62,656c706d61732070,7375206572612073,206e656877206465,676e69646c697562,2e736565727420,61727473746f6f62,70,6f466d6f646e6152,73616c4374736572,305f726569666973,6332326637356135,306137]":true,"[0,280000008a,b800000008,c000000023,e800000000,206d756d6978614d,666f206874706564,6572742065687420,30203d3e28202e65,202c2e672e452029,2030206874706564,203120736e61656d,646f6e206661656c,6874706564203b65,736e61656d203120,7265746e69203120,65646f6e206c616e,61656c2032202b20,2e7365646f6e2066,6562207473754d20,676e6172206e6920,3033202c305b2065,2e5d,687470654478616d,6f466d6f646e6152,73616c4374736572,305f726569666973,6332326637356135,306137]":null,"[0,28000000ce,f80000000e,10800000023,13000000000,6e206e6d756c6f43,20726f6620656d61,6574636964657270,207373616c632064,6f697469646e6f63,626f7270206c616e,656974696c696261,3a65746f4e202e73,6c6c6120746f4e20,20736c65646f6d20,772074757074756f,696c61632d6c6c65,7020646574617262,696c696261626f72,6d69747365207974,6854202173657461,626f727020657365,656974696c696261,646c756f68732073,6165727420656220,6320736120646574,636e656469666e6f,20746f6e202c7365,2065736963657270,6c696261626f7270,2e7365697469,6c696261626f7270,6c6f43797469,6f466d6f646e6152,73616c4374736572,305f726569666973,6332326637356135,306137]":null,"[0,2800000116,14000000018,15800000023,18000000000,206d756d696e694d,6e6f697463617266,2065687420666f20,6465746867696577,20656c706d617320,687420746e756f63,2068636165207461,756d20646c696863,2065766168207473,7073207265746661,206649202e74696c,2074696c70732061,7420736573756163,7463617266206568,7420666f206e6f69,6c61746f74206568,2074686769657720,6c20656874206e69,7220726f20746665,6968632074686769,6562206f7420646c,6874207373656c20,65576e696d206e61,6361724674686769,4e7265506e6f6974,656874202c65646f,772074696c707320,64206562206c6c69,6465647261637369,61766e6920736120,6f6853202e64696c,6920656220646c75,767265746e69206e,2c302e305b206c61,2e29352e3020,68676965576e696d,6f69746361724674,65646f4e7265506e,6f466d6f646e6152,73616c4374736572,305f726569666973,6332326637356135,306137]":null,"[0,280000021a,24800000015,26000000023,28800000000,626d756e20656854,656620666f207265,7420736572757461,6469736e6f63206f,